char_name,page_nr,button_nr
Lewis,1,1
A fancy name,101/,1
A fancy name,105,1
A fancy name,106,1
A fancy name,107,2
A fancy name,108,1
A fancy name,109,2
A fancy name,110,1
A fancy name,111,2
A fancy name,112,2
A fancy name,113,1
A fancy name,114,2
A fancy name,115,1
A fancy name,101/,1
A fancy name,105,2
A fancy name,106,1
A fancy name,107,1
A fancy name,108,2
A fancy name,109,2
A fancy name,109,2
A fancy name,109,1
A fancy name,110,1
A fancy name,111,1
A fancy name,108,1
A fancy name,109,2
A fancy name,110,2
A fancy name,111,1
A fancy name,112,2
A fancy name,113,2
A fancy name,114,1
A fancy name,115,1
A fancy name,116,1
A fancy name,102/,2
A fancy name,117/,1
A fancy name,117/,1
A fancy name,118/,1
A fancy name,2,1
A fancy name,3,1
A fancy name,4,1
A fancy name,3,2
A fancy name,3,1
A fancy name,4,2
A fancy name,4,3
A fancy name,4,4
A fancy name,5,2
A fancy name,5,3
A fancy name,5,1
A fancy name,6,1
A fancy name,13,1
A fancy name,14,1
A fancy name,15,2
A fancy name,17,2
A fancy name,18,1
A fancy name,16,1
A fancy name,22,1
A fancy name,23,1
A fancy name,24,1
A fancy name,25,3
A fancy name,26,2
A fancy name,29,1
A fancy name,30,1
A fancy name,31,1
A fancy name,32,1
A fancy name,33,2
A fancy name,34,1
A fancy name,38,1
A fancy name,42,1
A fancy name,43,1
A fancy name,44,2
A fancy name,45,1
A fancy name,45,2
A fancy name,49,1
A fancy name,50,1
A fancy name,51,2
A fancy name,54,1
A fancy name,55,2
A fancy name,55,1
A fancy name,56,1
A fancy name,58,1
A fancy name,59,1
A fancy name,60,2
A fancy name,63,2
A fancy name,64,2
A fancy name,66,1
A fancy name,68,1
A fancy name,69,1
A fancy name,70,1
A fancy name,71,1
A fancy name,72,3
A fancy name,73,2
A fancy name,82,1
A fancy name,83,1
A fancy name,84,4
A fancy name,85,1
A fancy name,85,2
A fancy name,87,1
A fancy name,88,1
A fancy name,101/,1
A fancy name,105,1
A fancy name,106,1
A fancy name,107,2
A fancy name,108,2
A fancy name,109,1
A fancy name,110,2
A fancy name,111,1
A fancy name,112,2
A fancy name,113,2
A fancy name,114,1
A fancy name,115,1
A fancy name,116,1
A fancy name,102/,2
A fancy name,117/,1
A fancy name,118/,1
A fancy name,2,1
A fancy name,3,2
A fancy name,8,1
A fancy name,9,2
A fancy name,10,2
A fancy name,7,1
A fancy name,13,1
A fancy name,14,1
A fancy name,15,2
A fancy name,17,1
A fancy name,18,1
A fancy name,16,1
A fancy name,22,1
A fancy name,23,1
A fancy name,24,2
A fancy name,27,2
A fancy name,28,2
A fancy name,29,1
A fancy name,30,1
A fancy name,31,2
A fancy name,35,1
A fancy name,36,3
A fancy name,37,2
A fancy name,41,1
A fancy name,42,1
A fancy name,43,1
A fancy name,44,4
A fancy name,45,1
A fancy name,48,1
A fancy name,50,1
A fancy name,51,2
A fancy name,54,2
A fancy name,55,2
A fancy name,57,1
A fancy name,58,1
A fancy name,59,1
A fancy name,60,1
A fancy name,61,3
A fancy name,62,2
A fancy name,66,1
A fancy name,68,1
A fancy name,68,1
A fancy name,69,1
A fancy name,70,2
A fancy name,71,2
A fancy name,80,1
A fancy name,81,1
A fancy name,83,1
A fancy name,84,1
A fancy name,85,2
A fancy name,87,1
A fancy name,88,1
A fancy name,85,1
A fancy name,86,1
A fancy name,88,1
A fancy name,89,2
A fancy name,89,2
A fancy name,92,2
A fancy name,93,2
A fancy name,95,1
A fancy name,93,1
A fancy name,93,2
A fancy name,95,1
A fancy name,97,1
A fancy name,101,3
A fancy name,119,1
A fancy name,120,2
A fancy name,121,1
A fancy name,122,1
A fancy name,123,1
A fancy name,124,2
A fancy name,125,1
A fancy name,126,2
A fancy name,127,1
A fancy name,127,1
A fancy name,128,1
A fancy name,101/,1
A fancy name,105,2
A fancy name,106,1
A fancy name,107,2
A fancy name,108,2
A fancy name,109,1
A fancy name,110,2
A fancy name,111,1
A fancy name,112,2
A fancy name,113,2
A fancy name,114,1
A fancy name,115,1
A fancy name,116,1
A fancy name,102/,2
A fancy name,117/,1
A fancy name,118/,1
A fancy name,2,1
A fancy name,101,3
A fancy name,119,2
A fancy name,120,1
A fancy name,121,1
A fancy name,122,2
A fancy name,123,2
A fancy name,124,1
A fancy name,125,2
A fancy name,126,1
A fancy name,127,1
A fancy name,127,1
A fancy name,128,1
A fancy name,101,3
A fancy name,119,1
A fancy name,120,2
A fancy name,121,2
A fancy name,122,1
A fancy name,123,2
A fancy name,124,1
A fancy name,125,2
A fancy name,126,1
A fancy name,127,1
A fancy name,128,1
Minna,101/,1
Minna,105,2
Minna,106,1
Minna,107,1
Minna,108,2
Minna,109,1
Minna,110,1
Minna,111,2
Minna,112,1
Minna,113,1
Minna,114,1
Minna,115,1
Minna,116,1
Minna,102/,2
Minna,117/,1
Minna,118/,1
Minna,2,1
Minna,3,1
Minna,4,2
Minna,5,3
Minna,7,1
Minna,13,1
Minna,14,1
Minna,15,2
Minna,17,3
Minna,18,2
Minna,19,2
Minna,20,2
Minna,21,1
Minna,23,1
Minna,24,1
Minna,25,1
Minna,26,2
Minna,29,1
Minna,30,1
Minna,31,2
Minna,35,1
Minna,36,2
Minna,37,2
Minna,41,1
Minna,42,1
Minna,43,1
Minna,44,3
Minna,45,2
Minna,49,1
Minna,50,1
Minna,51,1
Minna,52,1
Minna,53,2
Minna,57,1
Minna,58,1
Minna,59,1
Minna,60,1
Minna,61,1
Minna,62,2
Minna,66,1
Minna,68,1
Minna,69,1
Minna,70,1
Minna,71,1
Minna,72,3
Minna,73,1
Minna,81,1
Minna,83,1
Minna,84,1
Minna,85,1
Minna,86,1
Minna,88,1
Minna,89,2
Minna,92,1
Minna,93,2
Minna,95,1
Minna,97,1
Minna,101,3
Minna,119,1
Minna,120,1
Minna,121,1
Minna,122,1
Minna,123,1
Minna,124,1
Minna,125,1
Minna,126,1
Minna,127,1
Minna,128,1
Jim,101/,1
Jim,105,2
Jim,106,1
Jim,107,1
Jim,108,1
Jim,109,1
Jim,110,1
Jim,111,1
Jim,112,1
Jim,113,1
Jim,114,2
Jim,115,1
Jim,116,1
Jim,102/,2
Jim,117/,1
Jim,118/,1
Jim,2,1
Jim,3,1
Jim,4,1
Jim,5,3
Jim,7,1
Jim,13,1
Jim,14,1
Jim,15,1
Jim,16,1
Jim,22,1
Jim,23,1
Jim,24,1
Jim,25,1
Jim,26,2
Jim,29,1
Jim,30,1
Jim,31,2
Jim,35,1
Jim,36,2
Jim,37,1
Jim,40,1
Jim,42,1
Jim,43,1
Jim,44,3
Jim,45,2
Jim,49,1
Jim,50,1
Jim,51,1
Jim,52,3
Jim,53,2
Jim,57,1
Jim,58,1
Jim,59,1
Jim,60,1
Jim,61,1
Jim,62,1
Jim,67,1
Jim,68,1
Jim,69,1
Jim,70,2
Jim,71,2
Jim,80,1
Jim,81,1
Jim,83,1
Jim,84,2
Jim,85,2
Jim,87,1
Jim,88,1
Jim,89,2
Jim,92,3
Jim,93,2
Jim,95,1
Jim,97,1
Jim,101,3
Jim,119,1
Jim,120,1
Jim,121,1
Jim,122,1
Jim,123,2
Jim,124,1
Jim,125,1
Jim,126,1
Jim,127,1
Jim,128,1
ys,101/,1
ys,105,1
ys,106,1
ys,107,1
ys,108,2
ys,109,2
ys,110,2
ys,111,2
ys,112,1
ys,113,1
ys,114,1
ys,115,1
ys,116,1
ys,102/,2
ys,117/,1
ys,118/,1
ys,2,1
ys,3,1
ys,4,1
ys,5,3
ys,7,1
ys,13,1
ys,14,1
ys,15,2
ys,17,2
ys,18,2
ys,19,1
ys,20,3
ys,21,1
ys,23,1
ys,24,2
ys,27,4
ys,28,2
ys,29,1
ys,30,1
ys,31,2
ys,35,1
ys,36,2
ys,37,2
ys,41,1
ys,42,1
ys,43,1
ys,44,1
ys,45,1
ys,48,1
ys,50,1
ys,51,2
ys,54,1
ys,55,2
ys,57,1
ys,58,1
ys,59,1
ys,60,1
ys,61,1
ys,62,1
ys,67,1
ys,68,1
ys,69,1
ys,70,1
ys,71,2
ys,80,1
ys,81,1
ys,83,1
ys,84,3
ys,85,1
ys,86,1
ys,88,1
ys,89,1
ys,90,1
ys,91,1
ys,94,1
ys,97,1
ys,101,3
ys,119,1
ys,120,2
ys,121,1
ys,122,1
ys,123,1
ys,124,1
ys,125,1
ys,126,1
ys,127,1
ys,128,1
rabbit,101/,1
rabbit,105,1
rabbit,106,1
rabbit,107,1
rabbit,108,2
rabbit,109,1
rabbit,110,1
rabbit,111,1
rabbit,112,1
rabbit,113,1
rabbit,114,1
rabbit,115,1
rabbit,116,1
rabbit,101,2
rabbit,117/,1
rabbit,118/,1
rabbit,2,1
rabbit,3,1
rabbit,4,2
rabbit,5,2
rabbit,7,1
rabbit,13,1
rabbit,14,1
rabbit,15,1
rabbit,16,1
rabbit,22,1
rabbit,23,1
rabbit,24,1
rabbit,25,3
rabbit,26,1
rabbit,29,1
rabbit,30,1
rabbit,31,1
rabbit,32,1
rabbit,33,1
rabbit,34,1
rabbit,38,1
rabbit,42,1
rabbit,43,1
rabbit,44,3
rabbit,45,1
rabbit,48,1
rabbit,50,1
rabbit,51,2
rabbit,54,1
rabbit,55,2
rabbit,57,1
rabbit,58,1
rabbit,59,1
rabbit,60,1
rabbit,61,1
rabbit,62,2
rabbit,66,1
rabbit,68,1
rabbit,69,1
rabbit,70,2
rabbit,71,1
rabbit,72,1
rabbit,73,1
rabbit,81,1
rabbit,83,1
rabbit,84,2
rabbit,85,2
rabbit,87,1
rabbit,88,1
rabbit,89,1
rabbit,90,1
rabbit,91,1
rabbit,94,1
rabbit,97,1
rabbit,101,3
rabbit,119,2
rabbit,120,1
rabbit,121,1
rabbit,122,1
rabbit,123,2
rabbit,124,1
rabbit,125,1
rabbit,126,1
rabbit,127,1
rabbit,128,1
apple,101/,1
apple,105,1
apple,106,1
apple,107,1
apple,108,2
apple,109,1
apple,110,1
apple,111,1
apple,112,1
apple,113,1
apple,114,1
apple,115,1
apple,116,1
apple,101,2
apple,117/,1
apple,118/,1
apple,2,1
apple,3,2
apple,8,1
apple,9,1
apple,10,3
apple,7,1
apple,13,1
apple,14,1
apple,15,2
apple,17,3
apple,18,1
apple,16,1
apple,22,1
apple,23,1
apple,24,1
apple,25,2
apple,26,2
apple,29,1
apple,30,1
apple,31,2
apple,35,1
apple,36,1
apple,37,2
apple,41,1
apple,42,1
apple,43,1
apple,44,3
apple,45,2
apple,49,1
apple,50,1
apple,51,2
apple,54,1
apple,55,2
apple,57,1
apple,58,1
apple,59,1
apple,60,1
apple,61,2
apple,62,2
apple,66,1
apple,68,1
apple,69,1
apple,70,3
apple,71,1
apple,72,3
apple,73,1
apple,81,1
apple,83,1
apple,84,3
apple,85,2
apple,87,1
apple,88,1
apple,89,2
apple,92,2
apple,93,1
apple,96,1
apple,97,1
apple,101,3
apple,119,2
apple,120,1
apple,121,2
apple,122,2
apple,123,1
apple,124,2
apple,125,1
apple,126,2
apple,127,1
apple,128,1
lookingforsj,101,1
lookingforsj,105,1
lookingforsj,106,1
lookingforsj,107,1
lookingforsj,108,2
lookingforsj,109,1
lookingforsj,110,1
lookingforsj,111,1
lookingforsj,112,1
lookingforsj,113,1
lookingforsj,114,1
lookingforsj,115,1
lookingforsj,116,1
lookingforsj,102,2
lookingforsj,117,1
lookingforsj,118,1
lookingforsj,2,1
lookingforsj,3,1
lookingforsj,4,2
lookingforsj,5,3
lookingforsj,7,1
lookingforsj,13,1
lookingforsj,14,1
lookingforsj,15,2
lookingforsj,17,2
lookingforsj,18,2
lookingforsj,19,2
lookingforsj,20,3
lookingforsj,21,1
lookingforsj,23,1
lookingforsj,24,2
lookingforsj,27,3
lookingforsj,28,2
lookingforsj,29,1
lookingforsj,30,1
lookingforsj,31,1
lookingforsj,32,1
lookingforsj,33,1
lookingforsj,34,1
lookingforsj,38,1
lookingforsj,42,1
lookingforsj,43,1
lookingforsj,44,1
lookingforsj,45,2
lookingforsj,49,1
lookingforsj,50,1
lookingforsj,51,2
lookingforsj,54,1
lookingforsj,55,2
lookingforsj,57,1
lookingforsj,58,1
lookingforsj,59,1
lookingforsj,60,1
lookingforsj,61,3
lookingforsj,62,1
lookingforsj,67,1
lookingforsj,68,1
lookingforsj,69,2
lookingforsj,74,3
lookingforsj,75,1
lookingforsj,77,1
lookingforsj,83,1
lookingforsj,84,3
lookingforsj,85,2
lookingforsj,87,1
lookingforsj,88,1
lookingforsj,89,2
lookingforsj,92,2
lookingforsj,93,2
lookingforsj,95,1
lookingforsj,97,1
lookingforsj,101,3
lookingforsj,119,1
lookingforsj,120,1
lookingforsj,121,1
lookingforsj,122,1
lookingforsj,123,1
lookingforsj,124,1
lookingforsj,125,1
lookingforsj,126,1
lookingforsj,127,1
lookingforsj,128,1
momo,101/,1
momo,105,1
momo,106,1
momo,107,1
momo,108,2
momo,109,1
momo,110,1
momo,111,1
momo,112,1
momo,113,2
momo,114,1
momo,115,1
momo,116,1
momo,102/,2
momo,117/,1
momo,118/,1
momo,2,1
y,101/,1
y,105,1
y,106,1
y,107,1
y,108,2
y,109,1
y,110,1
y,111,1
y,112,1
y,113,1
y,114,1
y,115,1
y,116,1
y,102/,2
y,117/,1
y,118/,1
y,2,1
y,3,2
y,8,2
y,12,2
y,7,1
y,13,1
y,14,1
y,15,2
y,17,2
A fancy name,101/,1
A fancy name,105,1
A fancy name,106,1
A fancy name,107,1
A fancy name,108,1
A fancy name,109,1
A fancy name,110,1
A fancy name,111,1
A fancy name,112,1
A fancy name,113,1
A fancy name,114,1
A fancy name,115,1
A fancy name,116,1
A fancy name,102/,2
A fancy name,117/,1
A fancy name,118/,1
A fancy name,2,1
A fancy name,3,2
A fancy name,8,1
A fancy name,9,3
A fancy name,10,1
A fancy name,6,1
A fancy name,13,1
A fancy name,14,1
 ,101/,1
,101/,1
,105,1
,106,1
,107,1
,108,2
,109,1
,110,1
,111,1
,112,1
,113,1
,114,1
,115,1
,116,1
,102/,2
,117/,1
,118/,1
,2,1
,3,1
,4,1
,5,2
,7,1
,13,1
,14,1
,15,2
,17,3
,18,2
,19,3
,20,3
